,approval_rate,fpr,auc
18-25,1.0,1.0,0.6666032953105195
26-35,1.0,1.0,0.6544206186877056
36-50,1.0,1.0,0.641657914943214
51+,0.9999160492790732,0.999604743083004,0.6456977515026588
